USE GRAB3;

INSERT INTO USERS VALUES ('1001', 'Tuan', 'Phung', 'Male', '1971/04/12', '94576');
INSERT INTO USERS VALUES ('1002', 'Tuyet Anh', 'Dao', 'Female', '1998/01/23', '17898');
INSERT INTO USERS VALUES ('1003', 'Huyen', 'Tran', 'Female', '1972/01/18', '36406');
INSERT INTO USERS VALUES ('1004', 'Le Co', 'Nguyen', 'Female', '1983/09/28', '75417');
INSERT INTO USERS VALUES ('1005', 'Tu Anh', 'Nguyen', 'Female', '1988/03/04', '69995');
INSERT INTO USERS VALUES ('1006', 'Tue', 'Luu', 'Male', '1991/10/01', '89336');
INSERT INTO USERS VALUES ('1007', 'Hung', 'Quoc', 'Male', '1978/07/15', '59993');
INSERT INTO USERS VALUES ('1008', 'Dung', 'Vo', 'Male', '1978/06/25', '35256');
INSERT INTO USERS VALUES ('1009', 'The Linh', 'Huynh', 'Female', '1984/12/04', '91410');
INSERT INTO USERS VALUES ('1010', 'Phung', 'Phan', 'Male', '1973/10/17', '78894');
INSERT INTO USERS VALUES ('1011', 'Vu', 'Dang', 'Male', '1979/01/28', '90782');
INSERT INTO USERS VALUES ('1012', 'Duong', 'Tran', 'Female', '1993/05/18', '46312');
INSERT INTO USERS VALUES ('1013', 'Huy', 'Do', 'Male', '1979/09/29', '23306');
INSERT INTO USERS VALUES ('1014', 'My', 'Do', 'Other', '1980/05/16', '60937');
INSERT INTO USERS VALUES ('1015', 'Hung', 'Le', 'Male', '1970/12/16', '17412');
INSERT INTO USERS VALUES ('1016', 'Ha', 'Ngo', 'Female', '1996/08/30', '19143');
INSERT INTO USERS VALUES ('1017', 'Tuong', 'Ly', 'Male', '1991/10/01', '50985');
INSERT INTO USERS VALUES ('1018', 'Van', 'Khuat', 'Female', '1975/01/06', '32947');
INSERT INTO USERS VALUES ('1019', 'Thuy', 'Vu', 'Female', '1986/10/20', '71130');
INSERT INTO USERS VALUES ('1020', 'Quyen', 'Pham', 'Female', '1990/08/12', '33060');
INSERT INTO USERS VALUES ('1021', 'Vu', 'Nguyen', 'Male', '1998/10/05', '82237');
INSERT INTO USERS VALUES ('1022', 'Quyen', 'Nguyen', 'Female', '1979/07/06', '70230');
INSERT INTO USERS VALUES ('1023', 'Tuan', 'Tran', 'Male', '2001/05/14', '29549');
INSERT INTO USERS VALUES ('1024', 'Kim Anh', 'Pham', 'Female', '1983/01/20', '27964');
INSERT INTO USERS VALUES ('1025', 'Quang', 'Tran', 'Male', '1997/02/24', '36598');
INSERT INTO USERS VALUES ('1026', 'Huyen Anh', 'Nguyen', 'Female', '1971/04/05', '54458');
INSERT INTO USERS VALUES ('1027', 'Hung', 'Nguyen', 'Male', '1992/04/02', '25940');
INSERT INTO USERS VALUES ('1028', 'Nga', 'Tran', 'Female', '1994/04/12', '39921');
INSERT INTO USERS VALUES ('1029', 'Dat', 'Nguyen', 'Male', '1984/09/07', '23295');
INSERT INTO USERS VALUES ('1030', 'Huong', 'Do', 'Female', '1975/05/10', '83639');
INSERT INTO USERS VALUES ('1031', 'Ha', 'Le', 'Male', '1991/11/12', '87511');
INSERT INTO USERS VALUES ('1032', 'Binh', 'Nguyen', 'Male', '1989/04/01', '40774');
INSERT INTO USERS VALUES ('1033', 'Lan', 'Dao', 'Female', '1973/11/24', '97330');
INSERT INTO USERS VALUES ('1034', 'Thang', 'Vu', 'Male', '1984/12/23', '33968');
INSERT INTO USERS VALUES ('1035', ' Huong', 'Bui', 'Female', '1990/07/17', '64315');
INSERT INTO USERS VALUES ('1036', 'Thanh', 'Lam', 'Female', '1973/12/19', '91198');
INSERT INTO USERS VALUES ('1037', 'Binh', 'Le', 'Female', '1991/10/06', '83551');
INSERT INTO USERS VALUES ('1038', 'Thien', 'Doan', 'Other', '1975/01/18', '34324');
INSERT INTO USERS VALUES ('1039', 'Yen', 'Ngo', 'Male', '1980/12/03', '38961');
INSERT INTO USERS VALUES ('1040', 'Giang', 'Pham', 'Male', '1997/08/16', '91302');
INSERT INTO USERS VALUES ('1041', 'Tien', 'Tran', 'Female', '1995/06/07', '92742');
INSERT INTO USERS VALUES ('1042', 'Kha', 'Ngo', 'Male', '1981/07/28', '44242');
INSERT INTO USERS VALUES ('1043', 'Thu', 'Nguyen', 'Female', '1975/10/11', '34915');
INSERT INTO USERS VALUES ('1044', 'Khuyen', 'Nguyen', 'Male', '1999/03/08', '97433');
INSERT INTO USERS VALUES ('1045', 'Hung', 'Kieu', 'Male', '1974/01/05', '34724');
INSERT INTO USERS VALUES ('1046', 'Kien', 'Do', 'Male', '1980/04/21', '58006');
INSERT INTO USERS VALUES ('1047', 'Thao', 'Pham', 'Female', '1973/10/19', '93691');
INSERT INTO USERS VALUES ('1048', 'Ngoc', 'Nguyen', 'Female', '1981/03/24', '52724');
INSERT INTO USERS VALUES ('1049', 'Hai', 'Tran', 'Male', '1993/04/24', '81467');
INSERT INTO USERS VALUES ('1050', 'Nguyen', 'Hoang', 'Male', '1991/10/09', '61325');


INSERT INTO LOCATIONS(LOCATION) VALUES ('Ha Dong');
INSERT INTO LOCATIONS(LOCATION) VALUES ('Nam Tu Liem');
INSERT INTO LOCATIONS(LOCATION) VALUES ('Bac Tu Liem');
INSERT INTO LOCATIONS(LOCATION) VALUES ('Thanh Xuan');
INSERT INTO LOCATIONS(LOCATION) VALUES ('Hoan Kiem');
INSERT INTO LOCATIONS(LOCATION) VALUES ('Hoang Mai');
INSERT INTO LOCATIONS(LOCATION) VALUES ('Hai Ba Trung');
INSERT INTO LOCATIONS(LOCATION) VALUES ('Long Bien');
INSERT INTO LOCATIONS(LOCATION) VALUES ('Tay Ho');
INSERT INTO LOCATIONS(LOCATION) VALUES ('Cau Giay');
INSERT INTO LOCATIONS(LOCATION) VALUES ('Dong Da');
INSERT INTO LOCATIONS(LOCATION) VALUES ('Ba Dinh');


INSERT INTO CUSTOMERS VALUES ('CUS01', '1001', '86284', '22944', 5);
INSERT INTO CUSTOMERS VALUES ('CUS02', '1002', '95680', '14551', 3);
INSERT INTO CUSTOMERS VALUES ('CUS03', '1003', '99810', '33121', 8);
INSERT INTO CUSTOMERS VALUES ('CUS04', '1004', '11312', '22981', 1);
INSERT INTO CUSTOMERS VALUES ('CUS05', '1005', '41973', '93869', 12);
INSERT INTO CUSTOMERS VALUES ('CUS06', '1006', '21719', '46593', 6);
INSERT INTO CUSTOMERS VALUES ('CUS07', '1007', '29467', '30302', 5);
INSERT INTO CUSTOMERS VALUES ('CUS08', '1008', '33527', '54658', 7);
INSERT INTO CUSTOMERS VALUES ('CUS09', '1009', '18770', '66921', 12);
INSERT INTO CUSTOMERS VALUES ('CUS10', '1010', '24589', '77129', 7);
INSERT INTO CUSTOMERS VALUES ('CUS11', '1011', '43991', '42698', 12);
INSERT INTO CUSTOMERS VALUES ('CUS12', '1012', '32398', '92426', 3);
INSERT INTO CUSTOMERS VALUES ('CUS13', '1013', '67589', '84965', 12);
INSERT INTO CUSTOMERS VALUES ('CUS14', '1014', '11992', '95686', 3);
INSERT INTO CUSTOMERS VALUES ('CUS15', '1015', '79336', '10764', 11);
INSERT INTO CUSTOMERS VALUES ('CUS16', '1016', '13941', '48992', 9);
INSERT INTO CUSTOMERS VALUES ('CUS17', '1017', '29516', '58393', 6);
INSERT INTO CUSTOMERS VALUES ('CUS18', '1018', '37982', '29090', 1);
INSERT INTO CUSTOMERS VALUES ('CUS19', '1019', '10293', '14503', 8);
INSERT INTO CUSTOMERS VALUES ('CUS20', '1020', '88394', '99487', 12);
INSERT INTO CUSTOMERS VALUES ('CUS21', '1021', '24513', '44524', 4);
INSERT INTO CUSTOMERS VALUES ('CUS22', '1022', '98607', '47238', 5);
INSERT INTO CUSTOMERS VALUES ('CUS23', '1023', '65675', '78355', 12);
INSERT INTO CUSTOMERS VALUES ('CUS24', '1024', '82450', '18736', 1);
INSERT INTO CUSTOMERS VALUES ('CUS25', '1025', '19475', '60799', 7);
INSERT INTO CUSTOMERS VALUES ('CUS26', '1026', '96863', '21738', 1);
INSERT INTO CUSTOMERS VALUES ('CUS27', '1027', '33676', '14792', 2);
INSERT INTO CUSTOMERS VALUES ('CUS28', '1028', '14856', '76990', 10);
INSERT INTO CUSTOMERS VALUES ('CUS29', '1029', '22251', '16893', 4);
INSERT INTO CUSTOMERS VALUES ('CUS30', '1030', '59718', '97188', 9);
INSERT INTO CUSTOMERS VALUES ('CUS31', '1031', '59834', '38902', 12);
INSERT INTO CUSTOMERS VALUES ('CUS32', '1032', '97733', '90154', 6);
INSERT INTO CUSTOMERS VALUES ('CUS33', '1033', '29764', '27406', 11);
INSERT INTO CUSTOMERS VALUES ('CUS34', '1034', '90235', '86307', 2);
INSERT INTO CUSTOMERS VALUES ('CUS35', '1035', '29291', '13086', 12);



INSERT INTO DRIVERS(ID_DRIVER, ID_USER, LICENSE, NUMBER_PLATE) VALUES ('DVR01', '1036', 'ABC01010101', '30A5981');
INSERT INTO DRIVERS(ID_DRIVER, ID_USER, LICENSE, NUMBER_PLATE) VALUES ('DVR02', '1037', 'FLG20940595', '29C2095');
INSERT INTO DRIVERS(ID_DRIVER, ID_USER, LICENSE, NUMBER_PLATE) VALUES ('DVR03', '1038', 'GNV4095040', '36B04854');
INSERT INTO DRIVERS(ID_DRIVER, ID_USER, LICENSE, NUMBER_PLATE) VALUES ('DVR04', '1039', 'EKR39403830', '21F03849');
INSERT INTO DRIVERS(ID_DRIVER, ID_USER, LICENSE, NUMBER_PLATE) VALUES ('DVR05', '1040', 'FKS14758395', '17A93741');
INSERT INTO DRIVERS(ID_DRIVER, ID_USER, LICENSE, NUMBER_PLATE) VALUES ('DVR06', '1041', 'TTH24799374', '67E9738');
INSERT INTO DRIVERS(ID_DRIVER, ID_USER, LICENSE, NUMBER_PLATE) VALUES ('DVR07', '1042', 'HHK10230843', '22K38359');
INSERT INTO DRIVERS(ID_DRIVER, ID_USER, LICENSE, NUMBER_PLATE) VALUES ('DVR08', '1043', 'AMG20940835', '50C9784');
INSERT INTO DRIVERS(ID_DRIVER, ID_USER, LICENSE, NUMBER_PLATE) VALUES ('DVR09', '1044', 'BMW20308403', '48B29748');
INSERT INTO DRIVERS(ID_DRIVER, ID_USER, LICENSE, NUMBER_PLATE) VALUES ('DVR10', '1045', 'FKQ208302225', '11Q39572');
INSERT INTO DRIVERS(ID_DRIVER, ID_USER, LICENSE, NUMBER_PLATE) VALUES ('DVR11', '1046', 'QWN03579457', '54T9375');
INSERT INTO DRIVERS(ID_DRIVER, ID_USER, LICENSE, NUMBER_PLATE) VALUES ('DVR12', '1047', 'TBK0759457429', '27V4982');
INSERT INTO DRIVERS(ID_DRIVER, ID_USER, LICENSE, NUMBER_PLATE) VALUES ('DVR13', '1048', 'RTH3439573930', '33Z22988');
INSERT INTO DRIVERS(ID_DRIVER, ID_USER, LICENSE, NUMBER_PLATE) VALUES ('DVR14', '1049', 'EEV1302480220', '37A9999');
INSERT INTO DRIVERS(ID_DRIVER, ID_USER, LICENSE, NUMBER_PLATE) VALUES ('DVR15', '1050', 'UHU204949724', '29A33268');


INSERT INTO RESTAURANTS(ID_RES, NAME_RES, DESCRIPTIONS, OPEN_HOUR, CLOSE_HOUR, ID_LOCATION) VALUES ('RES01', 'KFC', 'sells fried chicken and fast foods', '080000', '050000', 3);
INSERT INTO RESTAURANTS(ID_RES, NAME_RES, DESCRIPTIONS, OPEN_HOUR, CLOSE_HOUR, ID_LOCATION) VALUES ('RES02', 'NGOAM', 'sells classic burgers', '080000', '230000', 1);
INSERT INTO RESTAURANTS(ID_RES, NAME_RES, DESCRIPTIONS, OPEN_HOUR, CLOSE_HOUR, ID_LOCATION) VALUES ('RES03', 'Pizza 4P', 'sells high quality pizzas', '070000', '030000', 3);
INSERT INTO RESTAURANTS(ID_RES, NAME_RES, DESCRIPTIONS, OPEN_HOUR, CLOSE_HOUR, ID_LOCATION) VALUES ('RES04', 'Pho Bat Dan', 'sells traditional Pho', '080000', '020000', 1);
INSERT INTO RESTAURANTS(ID_RES, NAME_RES, DESCRIPTIONS, OPEN_HOUR, CLOSE_HOUR, ID_LOCATION) VALUES ('RES05', 'Taco Non La', 'sells vietnamese style tacos', '080004', '010000', 2);
INSERT INTO RESTAURANTS(ID_RES, NAME_RES, DESCRIPTIONS, OPEN_HOUR, CLOSE_HOUR, ID_LOCATION) VALUES ('RES06', 'Savoor', 'sells Panini, Italian sandwich', '120000', '220000', 2);
INSERT INTO RESTAURANTS(ID_RES, NAME_RES, DESCRIPTIONS, OPEN_HOUR, CLOSE_HOUR, ID_LOCATION) VALUES ('RES07', 'Don Chicken', 'sells Korean style fried chicken', '080000', '030000', 3);
INSERT INTO RESTAURANTS(ID_RES, NAME_RES, DESCRIPTIONS, OPEN_HOUR, CLOSE_HOUR, ID_LOCATION) VALUES ('RES08', 'Jelly Beans', 'sells Tao Pho and snacks', '080000', '223000', 1);
INSERT INTO RESTAURANTS(ID_RES, NAME_RES, DESCRIPTIONS, OPEN_HOUR, CLOSE_HOUR, ID_LOCATION) VALUES ('RES09', 'Moo Beefsteak', 'sells beefsteaks', '100000', '200000', 2);
INSERT INTO RESTAURANTS(ID_RES, NAME_RES, DESCRIPTIONS, OPEN_HOUR, CLOSE_HOUR, ID_LOCATION) VALUES ('RES10', 'Labonte', 'sells coffee and brunch', '090009', '220000', 4);


INSERT INTO FOODS VALUES ('FC01', 'RES01', 'fried chicken', 100000, 4227);
INSERT INTO FOODS VALUES ('FF01', 'RES01', 'french fries', 120000, 4972);
INSERT INTO FOODS VALUES ('BG02', 'RES02', 'burger', 94000, 1352);
INSERT INTO FOODS VALUES ('FF02', 'RES02', 'french fries', 182000, 3543);
INSERT INTO FOODS VALUES ('PZ03', 'RES03', 'pizza', 101000, 3776);
INSERT INTO FOODS VALUES ('PT03', 'RES03', 'pasta', 179000, 1773);
INSERT INTO FOODS VALUES ('PHO04', 'RES04', 'pho', 156000, 2287);
INSERT INTO FOODS VALUES ('TC05', 'RES05', 'tacos', 186000, 2515);
INSERT INTO FOODS VALUES ('PN06', 'RES06', 'panini', 102000, 586);
INSERT INTO FOODS VALUES ('SL06', 'RES06', 'salad', 102000, 2867);
INSERT INTO FOODS VALUES ('FC07', 'RES07', 'fried chicken', 77000, 965);
INSERT INTO FOODS VALUES ('FF07', 'RES07', 'french fries', 75000, 1710);
INSERT INTO FOODS VALUES ('TP08', 'RES08', 'tao pho', 77000, 4254);
INSERT INTO FOODS VALUES ('FD08', 'RES08', 'fried dough', 125000, 4931);
INSERT INTO FOODS VALUES ('BS09', 'RES09', 'beefsteak', 107000, 1459);
INSERT INTO FOODS VALUES ('SL09', 'RES09', 'salad', 113000, 2910);
INSERT INTO FOODS VALUES ('SO09', 'RES09', 'soup', 172000, 1838);
INSERT INTO FOODS VALUES ('CF10', 'RES10', 'coffee', 136000, 1052);
INSERT INTO FOODS VALUES ('PC10', 'RES10', 'pancake', 153000, 655);
INSERT INTO FOODS VALUES ('SW10', 'RES10', 'sandwich', 126000, 2996);
INSERT INTO FOODS VALUES ('IC01', 'RES01', 'ice cream', 10000, 3025);
INSERT INTO FOODS VALUES ('FI01', 'RES01', 'fried fish', 25000, 2376);
INSERT INTO FOODS VALUES ('SL01', 'RES01', 'salad', 20000, 4579);
INSERT INTO FOODS VALUES ('TC02', 'RES02', 'tacos', 65000, 2351);
INSERT INTO FOODS VALUES ('BE02', 'RES02', 'beer', 35000, 1000);
INSERT INTO FOODS VALUES ('WF02', 'RES02', 'waffle', 25000, 2958);
INSERT INTO FOODS VALUES ('GB03', 'RES03', 'garlic bread', 42000, 2516);
INSERT INTO FOODS VALUES ('SL03', 'RES03', 'salad', 50000, 2482);
INSERT INTO FOODS VALUES ('BP03', 'RES03', 'baked potatoes', 58000, 3957);
INSERT INTO FOODS VALUES ('PI03', 'RES03', 'pie', 32000, 5621);
INSERT INTO FOODS VALUES ('FD04', 'RES04', 'fried dough', 5000, 2947);
INSERT INTO FOODS VALUES ('EG04', 'RES04', 'egg', 5000, 9862);
INSERT INTO FOODS VALUES ('BU05', 'RES05', 'burrito', 78000, 4386);
INSERT INTO FOODS VALUES ('NA05', 'RES05', 'nachos', 62000, 7926);
INSERT INTO FOODS VALUES ('GC06', 'RES06', 'grilled cheese', 45000, 7395);
INSERT INTO FOODS VALUES ('FF06', 'RES06', 'french fries', 34000, 3731);
INSERT INTO FOODS VALUES ('TS07', 'RES07', 'tofu soup', 35000, 2058);
INSERT INTO FOODS VALUES ('FR07', 'RES07', 'fried rice', 48000, 1985);
INSERT INTO FOODS VALUES ('SL07', 'RES07', 'salad', 26000, 4913);
INSERT INTO FOODS VALUES ('SM08', 'RES08', 'soy milk', 15000, 3053);
INSERT INTO FOODS VALUES ('SW08', 'RES08', 'sandwich', 20000, 4975);
INSERT INTO FOODS VALUES ('PR09', 'RES09', 'pork ribs', 145000, 2359);
INSERT INTO FOODS VALUES ('LC09', 'RES09', 'lamb chops', 232000, 1964);
INSERT INTO FOODS VALUES ('CB09', 'RES09', 'creme brulee', 42000, 8624);
INSERT INTO FOODS VALUES ('WF10', 'RES10', 'waffle', 37000, 7301);


INSERT INTO STATUSS VALUES (1, 'ORDERING');
INSERT INTO STATUSS VALUES (2, 'PREPARING');
INSERT INTO STATUSS VALUES (3, 'DELIVERING');
INSERT INTO STATUSS VALUES (4, 'TAKEN');
INSERT INTO STATUSS VALUES (5, 'CANCLED');




INSERT INTO ORDERS(ID_ORDER, ID_CUS, ID_DRIVER, ID_RES, ID_STATUSS, ID_LOC_CUS, ORDER_TIME) VALUES ('OD01', 'CUS05', 'DVR01', 'RES01', '1', 11, '2021/01/16 20:27:06');
INSERT INTO ORDERS(ID_ORDER, ID_CUS, ID_DRIVER, ID_RES, ID_STATUSS, ORDER_TIME) VALUES ('OD02', 'CUS05', 'DVR08', 'RES02', '1', '2021/01/16 15:05:53'); 
INSERT INTO ORDERS(ID_ORDER, ID_CUS, ID_DRIVER, ID_RES, ID_STATUSS, ORDER_TIME) VALUES ('OD03', 'CUS01', 'DVR15', 'RES10', '1', '2021/02/14 20:23:11');
INSERT INTO ORDERS(ID_ORDER, ID_CUS, ID_DRIVER, ID_RES, ID_STATUSS, ORDER_TIME) VALUES ('OD04', 'CUS04', 'DVR11', 'RES09', '1', '2021/02/19 01:31:44');
INSERT INTO ORDERS(ID_ORDER, ID_CUS, ID_DRIVER, ID_RES, ID_STATUSS, ORDER_TIME) VALUES ('OD05', 'CUS07', 'DVR02', 'RES02', '1', '2021/04/08 15:14:44');
INSERT INTO ORDERS(ID_ORDER, ID_CUS, ID_DRIVER, ID_RES, ID_STATUSS, ORDER_TIME) VALUES ('OD06', 'CUS10', 'DVR04', 'RES08', '1', '2021/05/13 07:45:10');
INSERT INTO ORDERS(ID_ORDER, ID_CUS, ID_DRIVER, ID_RES, ID_STATUSS, ORDER_TIME) VALUES ('OD07', 'CUS13', 'DVR09', 'RES03', '1', '2021/02/02 15:17:52');
INSERT INTO ORDERS(ID_ORDER, ID_CUS, ID_DRIVER, ID_RES, ID_STATUSS, ORDER_TIME) VALUES ('OD08', 'CUS16', 'DVR03', 'RES07', '1', '2021/02/18 17:29:39');
INSERT INTO ORDERS(ID_ORDER, ID_CUS, ID_DRIVER, ID_RES, ID_STATUSS, ORDER_TIME) VALUES ('OD09', 'CUS19', 'DVR12', 'RES01', '1', '2021/02/04 08:12:50');
INSERT INTO ORDERS(ID_ORDER, ID_CUS, ID_DRIVER, ID_RES, ID_STATUSS, ORDER_TIME) VALUES ('OD10', 'CUS22', 'DVR05', 'RES04', '1', '2021/04/01 07:03:48');
INSERT INTO ORDERS(ID_ORDER, ID_CUS, ID_DRIVER, ID_RES, ID_STATUSS, ORDER_TIME) VALUES ('OD11', 'CUS25', 'DVR07', 'RES03', '1', '2021/02/22 14:11:45');
INSERT INTO ORDERS(ID_ORDER, ID_CUS, ID_DRIVER, ID_RES, ID_STATUSS, ORDER_TIME) VALUES ('OD12', 'CUS28', 'DVR10', 'RES06', '1', '2021/03/20 01:58:49');
INSERT INTO ORDERS(ID_ORDER, ID_CUS, ID_DRIVER, ID_RES, ID_STATUSS, ORDER_TIME) VALUES ('OD13', 'CUS31', 'DVR06', 'RES04', '1', '2021/05/14 05:00:03');
INSERT INTO ORDERS(ID_ORDER, ID_CUS, ID_DRIVER, ID_RES, ID_STATUSS, ORDER_TIME) VALUES ('OD14', 'CUS34', 'DVR13', 'RES02', '1', '2021/02/15 08:59:00');
INSERT INTO ORDERS(ID_ORDER, ID_CUS, ID_DRIVER, ID_RES, ID_STATUSS, ORDER_TIME) VALUES ('OD15', 'CUS35', 'DVR14', 'RES07', '1', '2021/02/12 00:13:20');
INSERT INTO ORDERS(ID_ORDER, ID_CUS, ID_DRIVER, ID_RES, ID_STATUSS, ORDER_TIME) VALUES ('OD16', 'CUS32', 'DVR01', 'RES10', '1', '2021/03/11 02:36:17');
INSERT INTO ORDERS(ID_ORDER, ID_CUS, ID_DRIVER, ID_RES, ID_STATUSS, ORDER_TIME) VALUES ('OD17', 'CUS01', 'DVR08', 'RES05', '1', '2021/04/06 18:47:22');
INSERT INTO ORDERS(ID_ORDER, ID_CUS, ID_DRIVER, ID_RES, ID_STATUSS, ORDER_TIME) VALUES ('OD18', 'CUS20', 'DVR04', 'RES04', '1', '2021/04/28 22:47:16');
INSERT INTO ORDERS(ID_ORDER, ID_CUS, ID_DRIVER, ID_RES, ID_STATUSS, ORDER_TIME) VALUES ('OD19', 'CUS14', 'DVR01', 'RES01', '1', '2021/03/23 19:50:30');
INSERT INTO ORDERS(ID_ORDER, ID_CUS, ID_DRIVER, ID_RES, ID_STATUSS, ORDER_TIME) VALUES ('OD20', 'CUS33', 'DVR15', 'RES04', '1', '2021/02/11 07:00:02');
INSERT INTO ORDERS(ID_ORDER, ID_CUS, ID_DRIVER, ID_RES, ID_STATUSS, ORDER_TIME) VALUES ('OD21', 'CUS15', 'DVR11', 'RES08', '1', '2021/02/06 23:04:35');
INSERT INTO ORDERS(ID_ORDER, ID_CUS, ID_DRIVER, ID_RES, ID_STATUSS, ORDER_TIME) VALUES ('OD22', 'CUS03', 'DVR02', 'RES10', '1', '2021/05/11 14:09:55');
INSERT INTO ORDERS(ID_ORDER, ID_CUS, ID_DRIVER, ID_RES, ID_STATUSS, ORDER_TIME) VALUES ('OD23', 'CUS09', 'DVR09', 'RES02', '1', '2021/03/29 03:32:25');
INSERT INTO ORDERS(ID_ORDER, ID_CUS, ID_DRIVER, ID_RES, ID_STATUSS, ORDER_TIME) VALUES ('OD24', 'CUS06', 'DVR03', 'RES06', '1', '2021/04/17 23:29:29');
INSERT INTO ORDERS(ID_ORDER, ID_CUS, ID_DRIVER, ID_RES, ID_STATUSS, ORDER_TIME) VALUES ('OD25', 'CUS08', 'DVR07', 'RES09', '1', '2021/03/08 00:48:36');
INSERT INTO ORDERS(ID_ORDER, ID_CUS, ID_DRIVER, ID_RES, ID_STATUSS, ORDER_TIME) VALUES ('OD26', 'CUS07', 'DVR10', 'RES04', '1', '2021/01/12 22:04:14');
INSERT INTO ORDERS(ID_ORDER, ID_CUS, ID_DRIVER, ID_RES, ID_STATUSS, ORDER_TIME) VALUES ('OD27', 'CUS12', 'DVR13', 'RES09', '1', '2021/01/11 14:14:07');
INSERT INTO ORDERS(ID_ORDER, ID_CUS, ID_DRIVER, ID_RES, ID_STATUSS, ORDER_TIME) VALUES ('OD28', 'CUS14', 'DVR11', 'RES10', '1', '2021/05/24 14:04:31');
INSERT INTO ORDERS(ID_ORDER, ID_CUS, ID_DRIVER, ID_RES, ID_STATUSS, ORDER_TIME) VALUES ('OD29', 'CUS18', 'DVR06', 'RES03', '1', '2021/01/16 23:23:58');
INSERT INTO ORDERS(ID_ORDER, ID_CUS, ID_DRIVER, ID_RES, ID_STATUSS, ORDER_TIME) VALUES ('OD30', 'CUS11', 'DVR02', 'RES05', '1', '2021/01/17 04:39:28');
INSERT INTO ORDERS(ID_ORDER, ID_CUS, ID_DRIVER, ID_RES, ID_STATUSS, ORDER_TIME) VALUES ('OD31', 'CUS17', 'DVR14', 'RES07', '1', '2021/05/08 05:19:28');
INSERT INTO ORDERS(ID_ORDER, ID_CUS, ID_DRIVER, ID_RES, ID_STATUSS, ORDER_TIME) VALUES ('OD32', 'CUS20', 'DVR12', 'RES01', '1', '2021/02/17 01:46:19');
INSERT INTO ORDERS(ID_ORDER, ID_CUS, ID_DRIVER, ID_RES, ID_STATUSS, ORDER_TIME) VALUES ('OD33', 'CUS29', 'DVR15', 'RES08', '1', '2021/02/10 12:46:00');
INSERT INTO ORDERS(ID_ORDER, ID_CUS, ID_DRIVER, ID_RES, ID_STATUSS, ORDER_TIME) VALUES ('OD34', 'CUS23', 'DVR07', 'RES04', '1', '2021/01/03 05:27:54');
INSERT INTO ORDERS(ID_ORDER, ID_CUS, ID_DRIVER, ID_RES, ID_STATUSS, ORDER_TIME) VALUES ('OD35', 'CUS26', 'DVR11', 'RES05', '1', '2021/05/05 18:13:10');
INSERT INTO ORDERS(ID_ORDER, ID_CUS, ID_DRIVER, ID_RES, ID_STATUSS, ORDER_TIME) VALUES ('OD36', 'CUS24', 'DVR02', 'RES09', '1', '2021/02/26 14:13:38');
INSERT INTO ORDERS(ID_ORDER, ID_CUS, ID_DRIVER, ID_RES, ID_STATUSS, ORDER_TIME) VALUES ('OD37', 'CUS30', 'DVR08', 'RES02', '1', '2021/02/03 18:57:03');
INSERT INTO ORDERS(ID_ORDER, ID_CUS, ID_DRIVER, ID_RES, ID_STATUSS, ORDER_TIME) VALUES ('OD38', 'CUS27', 'DVR01', 'RES06', '1', '2021/03/25 23:52:13');
INSERT INTO ORDERS(ID_ORDER, ID_CUS, ID_DRIVER, ID_RES, ID_STATUSS, ORDER_TIME) VALUES ('OD39', 'CUS08', 'DVR14', 'RES10', '1', '2021/02/05 06:13:09');
INSERT INTO ORDERS(ID_ORDER, ID_CUS, ID_DRIVER, ID_RES, ID_STATUSS, ORDER_TIME) VALUES ('OD40', 'CUS23', 'DVR09', 'RES01', '1', '2021/05/01 12:26:27');
INSERT INTO ORDERS(ID_ORDER, ID_CUS, ID_DRIVER, ID_RES, ID_STATUSS, ORDER_TIME) VALUES ('OD41', 'CUS34', 'DVR03', 'RES05', '1', '2021/01/07 08:57:27');
INSERT INTO ORDERS(ID_ORDER, ID_CUS, ID_DRIVER, ID_RES, ID_STATUSS, ORDER_TIME) VALUES ('OD42', 'CUS04', 'DVR05', 'RES06', '1', '2021/02/13 20:18:34');
INSERT INTO ORDERS(ID_ORDER, ID_CUS, ID_DRIVER, ID_RES, ID_STATUSS, ORDER_TIME) VALUES ('OD43', 'CUS22', 'DVR07', 'RES07', '1', '2021/04/15 22:50:51');
INSERT INTO ORDERS(ID_ORDER, ID_CUS, ID_DRIVER, ID_RES, ID_STATUSS, ORDER_TIME) VALUES ('OD44', 'CUS21', 'DVR04', 'RES04', '1', '2021/05/28 17:28:01');
INSERT INTO ORDERS(ID_ORDER, ID_CUS, ID_DRIVER, ID_RES, ID_STATUSS, ORDER_TIME) VALUES ('OD45', 'CUS15', 'DVR15', 'RES06', '1', '2021/01/21 04:46:36');
INSERT INTO ORDERS(ID_ORDER, ID_CUS, ID_DRIVER, ID_RES, ID_STATUSS, ORDER_TIME) VALUES ('OD46', 'CUS07', 'DVR01', 'RES03', '1', '2021/05/15 23:10:09');
INSERT INTO ORDERS(ID_ORDER, ID_CUS, ID_DRIVER, ID_RES, ID_STATUSS, ORDER_TIME) VALUES ('OD47', 'CUS21', 'DVR07', 'RES02', '1', '2021/05/12 04:14:26');
INSERT INTO ORDERS(ID_ORDER, ID_CUS, ID_DRIVER, ID_RES, ID_STATUSS, ORDER_TIME) VALUES ('OD48', 'CUS35', 'DVR13', 'RES08', '1', '2021/04/25 13:08:30');
INSERT INTO ORDERS(ID_ORDER, ID_CUS, ID_DRIVER, ID_RES, ID_STATUSS, ORDER_TIME) VALUES ('OD49', 'CUS09', 'DVR06', 'RES10', '1', '2021/04/16 11:17:20');
INSERT INTO ORDERS(ID_ORDER, ID_CUS, ID_DRIVER, ID_RES, ID_STATUSS, ORDER_TIME) VALUES ('OD50', 'CUS22', 'DVR15', 'RES04', '1', '2021/03/27 06:11:51');
INSERT INTO ORDERS(ID_ORDER, ID_CUS, ID_DRIVER, ID_RES, ID_STATUSS, ORDER_TIME) VALUES ('OD51', 'CUS13', 'DVR01', 'RES02', '1', '2021/03/27 06:11:51');
INSERT INTO ORDERS(ID_ORDER, ID_CUS, ID_DRIVER, ID_RES, ID_STATUSS, ORDER_TIME) VALUES ('OD52', 'CUS01', 'DVR15', 'RES02', '1', '2021/03/27 06:11:51');


INSERT INTO ORDER_DETAILS(ID_ORDER, ID_FOOD, QUANTITY) VALUES ('OD01', 'FC01', 5);
INSERT INTO ORDER_DETAILS(ID_ORDER, ID_FOOD, QUANTITY) VALUES ('OD01', 'FF01', 2);
INSERT INTO ORDER_DETAILS(ID_ORDER, ID_FOOD, QUANTITY) VALUES ('OD02', 'BG02', 1);
INSERT INTO ORDER_DETAILS(ID_ORDER, ID_FOOD, QUANTITY) VALUES ('OD03', 'CF10', 2);
INSERT INTO ORDER_DETAILS(ID_ORDER, ID_FOOD, QUANTITY) VALUES ('OD03', 'SW10', 2);
INSERT INTO ORDER_DETAILS(ID_ORDER, ID_FOOD, QUANTITY) VALUES ('OD04', 'SO09', 4);
INSERT INTO ORDER_DETAILS(ID_ORDER, ID_FOOD, QUANTITY) VALUES ('OD04', 'BS09', 4);
INSERT INTO ORDER_DETAILS(ID_ORDER, ID_FOOD, QUANTITY) VALUES ('OD04', 'SL09', 2);
INSERT INTO ORDER_DETAILS(ID_ORDER, ID_FOOD, QUANTITY) VALUES ('OD05', 'BG02', 6);
INSERT INTO ORDER_DETAILS(ID_ORDER, ID_FOOD, QUANTITY) VALUES ('OD05', 'FF02', 8);
INSERT INTO ORDER_DETAILS(ID_ORDER, ID_FOOD, QUANTITY) VALUES ('OD06', 'FD08', 5);
INSERT INTO ORDER_DETAILS(ID_ORDER, ID_FOOD, QUANTITY) VALUES ('OD06', 'TP08', 3);
INSERT INTO ORDER_DETAILS(ID_ORDER, ID_FOOD, QUANTITY) VALUES ('OD07', 'PZ03', 1);
INSERT INTO ORDER_DETAILS(ID_ORDER, ID_FOOD, QUANTITY) VALUES ('OD08', 'FC07', 3);
INSERT INTO ORDER_DETAILS(ID_ORDER, ID_FOOD, QUANTITY) VALUES ('OD08', 'FF07', 5);
INSERT INTO ORDER_DETAILS(ID_ORDER, ID_FOOD, QUANTITY) VALUES ('OD09', 'FC01', 2);
INSERT INTO ORDER_DETAILS(ID_ORDER, ID_FOOD, QUANTITY) VALUES ('OD09', 'FF01', 4);
INSERT INTO ORDER_DETAILS(ID_ORDER, ID_FOOD, QUANTITY) VALUES ('OD10', 'PHO04', 1);
INSERT INTO ORDER_DETAILS(ID_ORDER, ID_FOOD, QUANTITY) VALUES ('OD11', 'PT03', 2);
INSERT INTO ORDER_DETAILS(ID_ORDER, ID_FOOD, QUANTITY) VALUES ('OD11', 'PZ03', 1);
INSERT INTO ORDER_DETAILS(ID_ORDER, ID_FOOD, QUANTITY) VALUES ('OD12', 'PN06', 7);
INSERT INTO ORDER_DETAILS(ID_ORDER, ID_FOOD, QUANTITY) VALUES ('OD12', 'SL06', 2);
INSERT INTO ORDER_DETAILS(ID_ORDER, ID_FOOD, QUANTITY) VALUES ('OD13', 'PHO04', 2);
INSERT INTO ORDER_DETAILS(ID_ORDER, ID_FOOD, QUANTITY) VALUES ('OD14', 'BG02', 1);
INSERT INTO ORDER_DETAILS(ID_ORDER, ID_FOOD, QUANTITY) VALUES ('OD14', 'FF02', 1);
INSERT INTO ORDER_DETAILS(ID_ORDER, ID_FOOD, QUANTITY) VALUES ('OD15', 'FF07', 2);
INSERT INTO ORDER_DETAILS(ID_ORDER, ID_FOOD, QUANTITY) VALUES ('OD15', 'FC07', 2);
INSERT INTO ORDER_DETAILS(ID_ORDER, ID_FOOD, QUANTITY) VALUES ('OD16', 'PC10', 1);
INSERT INTO ORDER_DETAILS(ID_ORDER, ID_FOOD, QUANTITY) VALUES ('OD16', 'CF10', 1);
INSERT INTO ORDER_DETAILS(ID_ORDER, ID_FOOD, QUANTITY) VALUES ('OD17', 'TC05', 2);
INSERT INTO ORDER_DETAILS(ID_ORDER, ID_FOOD, QUANTITY) VALUES ('OD18', 'PHO04', 2);
INSERT INTO ORDER_DETAILS(ID_ORDER, ID_FOOD, QUANTITY) VALUES ('OD19', 'FC01', 3);
INSERT INTO ORDER_DETAILS(ID_ORDER, ID_FOOD, QUANTITY) VALUES ('OD19', 'FF01', 3);
INSERT INTO ORDER_DETAILS(ID_ORDER, ID_FOOD, QUANTITY) VALUES ('OD20', 'PHO04', 1);
INSERT INTO ORDER_DETAILS(ID_ORDER, ID_FOOD, QUANTITY) VALUES ('OD21', 'TP08', 2);
INSERT INTO ORDER_DETAILS(ID_ORDER, ID_FOOD, QUANTITY) VALUES ('OD21', 'FD08', 5);
INSERT INTO ORDER_DETAILS(ID_ORDER, ID_FOOD, QUANTITY) VALUES ('OD22', 'SW10', 2);
INSERT INTO ORDER_DETAILS(ID_ORDER, ID_FOOD, QUANTITY) VALUES ('OD22', 'PC10', 1);
INSERT INTO ORDER_DETAILS(ID_ORDER, ID_FOOD, QUANTITY) VALUES ('OD22', 'CF10', 2);
INSERT INTO ORDER_DETAILS(ID_ORDER, ID_FOOD, QUANTITY) VALUES ('OD23', 'BG02', 1);
INSERT INTO ORDER_DETAILS(ID_ORDER, ID_FOOD, QUANTITY) VALUES ('OD23', 'FF02', 1);
INSERT INTO ORDER_DETAILS(ID_ORDER, ID_FOOD, QUANTITY) VALUES ('OD24', 'PN06', 5);
INSERT INTO ORDER_DETAILS(ID_ORDER, ID_FOOD, QUANTITY) VALUES ('OD24', 'SL06', 2);
INSERT INTO ORDER_DETAILS(ID_ORDER, ID_FOOD, QUANTITY) VALUES ('OD25', 'BS09', 2);
INSERT INTO ORDER_DETAILS(ID_ORDER, ID_FOOD, QUANTITY) VALUES ('OD25', 'SL09', 1);
INSERT INTO ORDER_DETAILS(ID_ORDER, ID_FOOD, QUANTITY) VALUES ('OD26', 'PHO04', 1);
INSERT INTO ORDER_DETAILS(ID_ORDER, ID_FOOD, QUANTITY) VALUES ('OD27', 'SO09', 1);
INSERT INTO ORDER_DETAILS(ID_ORDER, ID_FOOD, QUANTITY) VALUES ('OD28', 'CF10', 1);
INSERT INTO ORDER_DETAILS(ID_ORDER, ID_FOOD, QUANTITY) VALUES ('OD29', 'PZ03', 1);
INSERT INTO ORDER_DETAILS(ID_ORDER, ID_FOOD, QUANTITY) VALUES ('OD29', 'PT03', 2);
INSERT INTO ORDER_DETAILS(ID_ORDER, ID_FOOD, QUANTITY) VALUES ('OD30', 'TC05', 5);
INSERT INTO ORDER_DETAILS(ID_ORDER, ID_FOOD, QUANTITY) VALUES ('OD31', 'FC07', 2);
INSERT INTO ORDER_DETAILS(ID_ORDER, ID_FOOD, QUANTITY) VALUES ('OD32', 'FC01', 1);
INSERT INTO ORDER_DETAILS(ID_ORDER, ID_FOOD, QUANTITY) VALUES ('OD32', 'FF01', 1);
INSERT INTO ORDER_DETAILS(ID_ORDER, ID_FOOD, QUANTITY) VALUES ('OD33', 'TP08', 3);
INSERT INTO ORDER_DETAILS(ID_ORDER, ID_FOOD, QUANTITY) VALUES ('OD33', 'FD08', 6);
INSERT INTO ORDER_DETAILS(ID_ORDER, ID_FOOD, QUANTITY) VALUES ('OD34', 'PHO04', 2);
INSERT INTO ORDER_DETAILS(ID_ORDER, ID_FOOD, QUANTITY) VALUES ('OD35', 'TC05', 3);
INSERT INTO ORDER_DETAILS(ID_ORDER, ID_FOOD, QUANTITY) VALUES ('OD36', 'SO09', 2);
INSERT INTO ORDER_DETAILS(ID_ORDER, ID_FOOD, QUANTITY) VALUES ('OD36', 'BS09', 2);
INSERT INTO ORDER_DETAILS(ID_ORDER, ID_FOOD, QUANTITY) VALUES ('OD37', 'BG02', 2);
INSERT INTO ORDER_DETAILS(ID_ORDER, ID_FOOD, QUANTITY) VALUES ('OD38', 'PN06', 1);
INSERT INTO ORDER_DETAILS(ID_ORDER, ID_FOOD, QUANTITY) VALUES ('OD39', 'CF10', 5);
INSERT INTO ORDER_DETAILS(ID_ORDER, ID_FOOD, QUANTITY) VALUES ('OD39', 'SW10', 5);
INSERT INTO ORDER_DETAILS(ID_ORDER, ID_FOOD, QUANTITY) VALUES ('OD40', 'FC01', 2);
INSERT INTO ORDER_DETAILS(ID_ORDER, ID_FOOD, QUANTITY) VALUES ('OD40', 'FF01', 2);
INSERT INTO ORDER_DETAILS(ID_ORDER, ID_FOOD, QUANTITY) VALUES ('OD41', 'TC05', 3);
INSERT INTO ORDER_DETAILS(ID_ORDER, ID_FOOD, QUANTITY) VALUES ('OD42', 'SL06', 2);
INSERT INTO ORDER_DETAILS(ID_ORDER, ID_FOOD, QUANTITY) VALUES ('OD43', 'FF07', 3);
INSERT INTO ORDER_DETAILS(ID_ORDER, ID_FOOD, QUANTITY) VALUES ('OD43', 'FC07', 3);
INSERT INTO ORDER_DETAILS(ID_ORDER, ID_FOOD, QUANTITY) VALUES ('OD44', 'PHO04', 5);
INSERT INTO ORDER_DETAILS(ID_ORDER, ID_FOOD, QUANTITY) VALUES ('OD45', 'PN06', 6);
INSERT INTO ORDER_DETAILS(ID_ORDER, ID_FOOD, QUANTITY) VALUES ('OD46', 'PZ03', 4);
INSERT INTO ORDER_DETAILS(ID_ORDER, ID_FOOD, QUANTITY) VALUES ('OD46', 'PT03', 2);
INSERT INTO ORDER_DETAILS(ID_ORDER, ID_FOOD, QUANTITY) VALUES ('OD47', 'BG02', 10);
INSERT INTO ORDER_DETAILS(ID_ORDER, ID_FOOD, QUANTITY) VALUES ('OD47', 'BG02', 10);
INSERT INTO ORDER_DETAILS(ID_ORDER, ID_FOOD, QUANTITY) VALUES ('OD48', 'TP08', 2);
INSERT INTO ORDER_DETAILS(ID_ORDER, ID_FOOD, QUANTITY) VALUES ('OD48', 'FD08', 5);
INSERT INTO ORDER_DETAILS(ID_ORDER, ID_FOOD, QUANTITY) VALUES ('OD49', 'PC10', 1);
INSERT INTO ORDER_DETAILS(ID_ORDER, ID_FOOD, QUANTITY) VALUES ('OD50', 'PHO04', 2);
INSERT INTO ORDER_DETAILS(ID_ORDER, ID_FOOD, QUANTITY) VALUES ('OD51', 'PHO04', 10);
INSERT INTO ORDER_DETAILS(ID_ORDER, ID_FOOD, QUANTITY) VALUES ('OD52', 'PHO04', 10);


INSERT INTO VOUCHERS VALUES ('MOMO10', 0.1, 1000);
INSERT INTO VOUCHERS VALUES ('ZALO10', 0.1, 1000);
INSERT INTO VOUCHERS VALUES ('AIRP10', 0.1, 1000);
INSERT INTO VOUCHERS VALUES ('BANK10', 0.1, 1000);
INSERT INTO VOUCHERS VALUES ('GRAB20', 0.2, 200);
INSERT INTO VOUCHERS VALUES ('GRAB50', 0.5, 100);
INSERT INTO VOUCHERS VALUES ('SINHNHAT', 0.7, 50);
INSERT INTO VOUCHERS VALUES ('QUOCKHANH', 0.29, 100);
INSERT INTO VOUCHERS VALUES ('TET', 0.7, 100);
INSERT INTO VOUCHERS VALUES ('OOV', 0, 0);
INSERT INTO VOUCHERS VALUES ('MOMO10', 0.1, 1000);
INSERT INTO VOUCHERS VALUES ('ZALO10', 0.1, 1000);
INSERT INTO VOUCHERS VALUES ('AIRP10', 0.1, 1000);
INSERT INTO VOUCHERS VALUES ('BANK10', 0.1, 1000);
INSERT INTO VOUCHERS VALUES ('GRAB20', 0.2, 200);
INSERT INTO VOUCHERS VALUES ('GRAB50', 0.5, 100);
INSERT INTO VOUCHERS VALUES ('SINHNHAT', 0.7, 50);
INSERT INTO VOUCHERS VALUES ('QUOCKHANH', 0.29, 100);
INSERT INTO VOUCHERS VALUES ('TET', 0.7, 100);
INSERT INTO VOUCHERS VALUES ('CHAOXUAN', 0.15, 100);
INSERT INTO VOUCHERS VALUES ('CHAOHE', 0.15, 100);
INSERT INTO VOUCHERS VALUES ('CHAOTHU', 0.15, 100);
INSERT INTO VOUCHERS VALUES ('CHAODONG', 0.15, 100);
INSERT INTO VOUCHERS VALUES ('NGAYDEPTROI', 0.1, 50);
INSERT INTO VOUCHERS VALUES ('EMANHBANH', 0.4, 30);
INSERT INTO VOUCHERS VALUES ('8THANG3', 0.3, 60);
INSERT INTO VOUCHERS VALUES ('TETDOANVIEN', 0.22, 100);
INSERT INTO VOUCHERS VALUES ('HNANGI', 0.2, 90);
INSERT INTO VOUCHERS VALUES ('GIOTO', 0.13, 100);
INSERT INTO VOUCHERS VALUES ('NEU', 0.3, 90);
INSERT INTO VOUCHERS VALUES ('HUST', 0.2, 90);
INSERT INTO VOUCHERS VALUES ('FTU', 0.15, 90);
INSERT INTO VOUCHERS VALUES ('AOTHATDAY', 0.3, 100);
INSERT INTO VOUCHERS VALUES ('RAPVIET', 0.25, 90);
INSERT INTO VOUCHERS VALUES ('BANANHTUNG', 0.5, 10);
INSERT INTO VOUCHERS VALUES ('DEKHANGKEM', 0.3, 60);
INSERT INTO VOUCHERS VALUES ('NGAYCUAME', 0.3, 90);
INSERT INTO VOUCHERS VALUES ('NGAYCUACHA', 0.3, 90);
INSERT INTO VOUCHERS VALUES ('TRUNGTHU', 0.2, 1000);
INSERT INTO VOUCHERS VALUES ('NOEL', 0.3, 500);
INSERT INTO VOUCHERS VALUES ('FA', 0.11, 1000);


INSERT INTO PAYMENTS(ID_ORDER, PAYMENT_METHOD) VALUES ('OD01', 'BANKING');
INSERT INTO PAYMENTS(ID_ORDER, PAYMENT_METHOD) VALUES ('OD02', 'MOMO');
INSERT INTO PAYMENTS(ID_ORDER, PAYMENT_METHOD) VALUES ('OD03', 'ZALO');
INSERT INTO PAYMENTS(ID_ORDER, PAYMENT_METHOD) VALUES ('OD04', 'BANKING');
INSERT INTO PAYMENTS(ID_ORDER, PAYMENT_METHOD) VALUES ('OD05', 'BANKING');
INSERT INTO PAYMENTS(ID_ORDER, PAYMENT_METHOD) VALUES ('OD06', 'AIRPAY');
INSERT INTO PAYMENTS(ID_ORDER, PAYMENT_METHOD, ID_VOUCHER) VALUES ('OD07', 'COD', 'TET');
INSERT INTO PAYMENTS(ID_ORDER, PAYMENT_METHOD) VALUES ('OD08', 'COD');
INSERT INTO PAYMENTS(ID_ORDER, PAYMENT_METHOD) VALUES ('OD09', 'COD');
INSERT INTO PAYMENTS(ID_ORDER, PAYMENT_METHOD) VALUES ('OD10', 'MOMO');
INSERT INTO PAYMENTS(ID_ORDER, PAYMENT_METHOD, ID_VOUCHER) VALUES ('OD11', 'ZALO', 'SINHNHAT');
INSERT INTO PAYMENTS(ID_ORDER, PAYMENT_METHOD) VALUES ('OD12', 'COD');
INSERT INTO PAYMENTS(ID_ORDER, PAYMENT_METHOD) VALUES ('OD13', 'BANKING');
INSERT INTO PAYMENTS(ID_ORDER, PAYMENT_METHOD) VALUES ('OD14', 'BANKING');
INSERT INTO PAYMENTS(ID_ORDER, PAYMENT_METHOD) VALUES ('OD15', 'MOMO');
INSERT INTO PAYMENTS(ID_ORDER, PAYMENT_METHOD, ID_VOUCHER) VALUES ('OD16', 'ZALO', 'QUOCKHANH');
INSERT INTO PAYMENTS(ID_ORDER, PAYMENT_METHOD) VALUES ('OD17', 'BANKING');
INSERT INTO PAYMENTS(ID_ORDER, PAYMENT_METHOD) VALUES ('OD18', 'COD');
INSERT INTO PAYMENTS(ID_ORDER, PAYMENT_METHOD) VALUES ('OD19', 'ZALO');
INSERT INTO PAYMENTS(ID_ORDER, PAYMENT_METHOD) VALUES ('OD20', 'AIRPAY');
INSERT INTO PAYMENTS(ID_ORDER, PAYMENT_METHOD) VALUES ('OD21', 'BANKING');
INSERT INTO PAYMENTS(ID_ORDER, PAYMENT_METHOD, ID_VOUCHER) VALUES ('OD22', 'ZALO', 'TET');
INSERT INTO PAYMENTS(ID_ORDER, PAYMENT_METHOD, ID_VOUCHER) VALUES ('OD23', 'AIRPAY', 'QUOCKHANH');
INSERT INTO PAYMENTS(ID_ORDER, PAYMENT_METHOD) VALUES ('OD24', 'MOMO');
INSERT INTO PAYMENTS(ID_ORDER, PAYMENT_METHOD) VALUES ('OD25', 'AIRPAY');
INSERT INTO PAYMENTS(ID_ORDER, PAYMENT_METHOD) VALUES ('OD26', 'ZALO');
INSERT INTO PAYMENTS(ID_ORDER, PAYMENT_METHOD) VALUES ('OD27', 'COD');
INSERT INTO PAYMENTS(ID_ORDER, PAYMENT_METHOD, ID_VOUCHER) VALUES ('OD28', 'COD', 'SINHNHAT');
INSERT INTO PAYMENTS(ID_ORDER, PAYMENT_METHOD) VALUES ('OD29', 'AIRPAY');
INSERT INTO PAYMENTS(ID_ORDER, PAYMENT_METHOD) VALUES ('OD30', 'ZALO');
INSERT INTO PAYMENTS(ID_ORDER, PAYMENT_METHOD) VALUES ('OD31', 'MOMO');
INSERT INTO PAYMENTS(ID_ORDER, PAYMENT_METHOD) VALUES ('OD32', 'BANKING');
INSERT INTO PAYMENTS(ID_ORDER, PAYMENT_METHOD) VALUES ('OD33', 'MOMO');
INSERT INTO PAYMENTS(ID_ORDER, PAYMENT_METHOD) VALUES ('OD34', 'AIRPAY');
INSERT INTO PAYMENTS(ID_ORDER, PAYMENT_METHOD) VALUES ('OD35', 'ZALO');
INSERT INTO PAYMENTS(ID_ORDER, PAYMENT_METHOD) VALUES ('OD36', 'COD');
INSERT INTO PAYMENTS(ID_ORDER, PAYMENT_METHOD, ID_VOUCHER) VALUES ('OD37', 'BANKING', 'TET');
INSERT INTO PAYMENTS(ID_ORDER, PAYMENT_METHOD) VALUES ('OD38', 'MOMO');
INSERT INTO PAYMENTS(ID_ORDER, PAYMENT_METHOD) VALUES ('OD39', 'COD');
INSERT INTO PAYMENTS(ID_ORDER, PAYMENT_METHOD) VALUES ('OD40', 'BANKING');
INSERT INTO PAYMENTS(ID_ORDER, PAYMENT_METHOD) VALUES ('OD41', 'BANKING');
INSERT INTO PAYMENTS(ID_ORDER, PAYMENT_METHOD) VALUES ('OD42', 'COD');
INSERT INTO PAYMENTS(ID_ORDER, PAYMENT_METHOD) VALUES ('OD43', 'ZALO');
INSERT INTO PAYMENTS(ID_ORDER, PAYMENT_METHOD) VALUES ('OD44', 'AIRPAY');
INSERT INTO PAYMENTS(ID_ORDER, PAYMENT_METHOD) VALUES ('OD45', 'ZALO');
INSERT INTO PAYMENTS(ID_ORDER, PAYMENT_METHOD) VALUES ('OD46', 'MOMO');
INSERT INTO PAYMENTS(ID_ORDER, PAYMENT_METHOD) VALUES ('OD47', 'BANKING');
INSERT INTO PAYMENTS(ID_ORDER, PAYMENT_METHOD) VALUES ('OD48', 'COD');
INSERT INTO PAYMENTS(ID_ORDER, PAYMENT_METHOD) VALUES ('OD49', 'MOMO');
INSERT INTO PAYMENTS(ID_ORDER, PAYMENT_METHOD) VALUES ('OD50', 'AIRPAY');
INSERT INTO PAYMENTS(ID_ORDER, PAYMENT_METHOD, ID_VOUCHER) VALUES ('OD51', 'COD', 'OOV');
INSERT INTO PAYMENTS(ID_ORDER, PAYMENT_METHOD, ID_VOUCHER) VALUES ('OD52', 'MOMO', 'OOV');


INSERT INTO RATINGS(ID_RATING, ID_ORDER, STAR_RES, STAR_DRIVER) VALUES ('RAT01', 'OD01', 1, 1);
INSERT INTO RATINGS(ID_RATING, ID_ORDER, STAR_RES, STAR_DRIVER) VALUES ('RAT02', 'OD02', 3, 4);
INSERT INTO RATINGS(ID_RATING, ID_ORDER, STAR_RES, STAR_DRIVER) VALUES ('RAT03', 'OD03', 3, 5);
INSERT INTO RATINGS(ID_RATING, ID_ORDER, STAR_RES, STAR_DRIVER) VALUES ('RAT04', 'OD04', 1, 1);
INSERT INTO RATINGS(ID_RATING, ID_ORDER, STAR_RES, STAR_DRIVER) VALUES ('RAT05', 'OD05', 1, 2);
INSERT INTO RATINGS(ID_RATING, ID_ORDER, STAR_RES, STAR_DRIVER) VALUES ('RAT06', 'OD06', 3, 4);
INSERT INTO RATINGS(ID_RATING, ID_ORDER, STAR_RES, STAR_DRIVER) VALUES ('RAT07', 'OD07', 4, 4);
INSERT INTO RATINGS(ID_RATING, ID_ORDER, STAR_RES, STAR_DRIVER) VALUES ('RAT08', 'OD08', 3, 4);
INSERT INTO RATINGS(ID_RATING, ID_ORDER, STAR_RES, STAR_DRIVER) VALUES ('RAT09', 'OD09', 1, 3);
INSERT INTO RATINGS(ID_RATING, ID_ORDER, STAR_RES, STAR_DRIVER) VALUES ('RAT10', 'OD10', 1, 3);
INSERT INTO RATINGS(ID_RATING, ID_ORDER, STAR_RES, STAR_DRIVER) VALUES ('RAT11', 'OD11', 3, 2);
INSERT INTO RATINGS(ID_RATING, ID_ORDER, STAR_RES, STAR_DRIVER) VALUES ('RAT12', 'OD12', 1, 1);
INSERT INTO RATINGS(ID_RATING, ID_ORDER, STAR_RES, STAR_DRIVER) VALUES ('RAT13', 'OD13', 4, 2);
INSERT INTO RATINGS(ID_RATING, ID_ORDER, STAR_RES, STAR_DRIVER) VALUES ('RAT14', 'OD14', 3, 1);
INSERT INTO RATINGS(ID_RATING, ID_ORDER, STAR_RES, STAR_DRIVER) VALUES ('RAT15', 'OD15', 1, 3);
INSERT INTO RATINGS(ID_RATING, ID_ORDER, STAR_RES, STAR_DRIVER) VALUES ('RAT16', 'OD16', 2, 4);
INSERT INTO RATINGS(ID_RATING, ID_ORDER, STAR_RES, STAR_DRIVER) VALUES ('RAT17', 'OD17', 2, 2);
INSERT INTO RATINGS(ID_RATING, ID_ORDER, STAR_RES, STAR_DRIVER) VALUES ('RAT18', 'OD18', 3, 5);
INSERT INTO RATINGS(ID_RATING, ID_ORDER, STAR_RES, STAR_DRIVER) VALUES ('RAT19', 'OD19', 2, 3);
INSERT INTO RATINGS(ID_RATING, ID_ORDER, STAR_RES, STAR_DRIVER) VALUES ('RAT20', 'OD20', 1, 2);
INSERT INTO RATINGS(ID_RATING, ID_ORDER, STAR_RES, STAR_DRIVER) VALUES ('RAT21', 'OD21', 4, 1);
INSERT INTO RATINGS(ID_RATING, ID_ORDER, STAR_RES, STAR_DRIVER) VALUES ('RAT22', 'OD22', 3, 3);
INSERT INTO RATINGS(ID_RATING, ID_ORDER, STAR_RES, STAR_DRIVER) VALUES ('RAT23', 'OD23', 3, 4);
INSERT INTO RATINGS(ID_RATING, ID_ORDER, STAR_RES, STAR_DRIVER) VALUES ('RAT24', 'OD24', 3, 3);
INSERT INTO RATINGS(ID_RATING, ID_ORDER, STAR_RES, STAR_DRIVER) VALUES ('RAT25', 'OD25', 4, 2);
INSERT INTO RATINGS(ID_RATING, ID_ORDER, STAR_RES, STAR_DRIVER) VALUES ('RAT26', 'OD26', 1, 5);
INSERT INTO RATINGS(ID_RATING, ID_ORDER, STAR_RES, STAR_DRIVER) VALUES ('RAT27', 'OD27', 3, 4);
INSERT INTO RATINGS(ID_RATING, ID_ORDER, STAR_RES, STAR_DRIVER) VALUES ('RAT28', 'OD28', 1, 5);
INSERT INTO RATINGS(ID_RATING, ID_ORDER, STAR_RES, STAR_DRIVER) VALUES ('RAT29', 'OD29', 3, 5);
INSERT INTO RATINGS(ID_RATING, ID_ORDER, STAR_RES, STAR_DRIVER) VALUES ('RAT30', 'OD30', 1, 4);
INSERT INTO RATINGS(ID_RATING, ID_ORDER, STAR_RES, STAR_DRIVER) VALUES ('RAT31', 'OD31', 3, 3);
INSERT INTO RATINGS(ID_RATING, ID_ORDER, STAR_RES, STAR_DRIVER) VALUES ('RAT32', 'OD32', 3, 4);
INSERT INTO RATINGS(ID_RATING, ID_ORDER, STAR_RES, STAR_DRIVER) VALUES ('RAT33', 'OD33', 2, 5);
INSERT INTO RATINGS(ID_RATING, ID_ORDER, STAR_RES, STAR_DRIVER) VALUES ('RAT34', 'OD34', 1, 1);
INSERT INTO RATINGS(ID_RATING, ID_ORDER, STAR_RES, STAR_DRIVER) VALUES ('RAT35', 'OD35', 1, 4);
INSERT INTO RATINGS(ID_RATING, ID_ORDER, STAR_RES, STAR_DRIVER) VALUES ('RAT36', 'OD36', 4, 3);
INSERT INTO RATINGS(ID_RATING, ID_ORDER, STAR_RES, STAR_DRIVER) VALUES ('RAT37', 'OD37', 2, 4);
INSERT INTO RATINGS(ID_RATING, ID_ORDER, STAR_RES, STAR_DRIVER) VALUES ('RAT38', 'OD38', 3, 4);
INSERT INTO RATINGS(ID_RATING, ID_ORDER, STAR_RES, STAR_DRIVER) VALUES ('RAT39', 'OD39', 2, 3);
INSERT INTO RATINGS(ID_RATING, ID_ORDER, STAR_RES, STAR_DRIVER) VALUES ('RAT40', 'OD40', 1, 4);
INSERT INTO RATINGS(ID_RATING, ID_ORDER, STAR_RES, STAR_DRIVER) VALUES ('RAT41', 'OD41', 1, 4);
INSERT INTO RATINGS(ID_RATING, ID_ORDER, STAR_RES, STAR_DRIVER) VALUES ('RAT42', 'OD42', 2, 1);
INSERT INTO RATINGS(ID_RATING, ID_ORDER, STAR_RES, STAR_DRIVER) VALUES ('RAT43', 'OD43', 1, 5);
INSERT INTO RATINGS(ID_RATING, ID_ORDER, STAR_RES, STAR_DRIVER) VALUES ('RAT44', 'OD44', 3, 1);
INSERT INTO RATINGS(ID_RATING, ID_ORDER, STAR_RES, STAR_DRIVER) VALUES ('RAT45', 'OD45', 4, 4);
INSERT INTO RATINGS(ID_RATING, ID_ORDER, STAR_RES, STAR_DRIVER) VALUES ('RAT46', 'OD46', 3, 2);
INSERT INTO RATINGS(ID_RATING, ID_ORDER, STAR_RES, STAR_DRIVER) VALUES ('RAT47', 'OD47', 2, 1);
INSERT INTO RATINGS(ID_RATING, ID_ORDER, STAR_RES, STAR_DRIVER) VALUES ('RAT48', 'OD48', 3, 2);
INSERT INTO RATINGS(ID_RATING, ID_ORDER, STAR_RES, STAR_DRIVER) VALUES ('RAT49', 'OD49', 1, 2);
INSERT INTO RATINGS(ID_RATING, ID_ORDER, STAR_RES, STAR_DRIVER) VALUES ('RAT50', 'OD50', 2, 3);
INSERT INTO RATINGS(ID_RATING, ID_ORDER, STAR_RES, STAR_DRIVER) VALUES ('RAT51', 'OD51', 5, 5);
INSERT INTO RATINGS(ID_RATING, ID_ORDER, STAR_RES, STAR_DRIVER) VALUES ('RAT52', 'OD52', 5, 4);